contractSymbol,lastTradeDate,strike,lastPrice,bid,ask,change,percentChange,volume,openInterest,impliedVolatility,inTheMoney,contractSize,currency,expiration
RIVN250919P00001000,2025-09-04 14:13:22+00:00,1.0,0.01,0.0,0.01,0.0,0.0,1.0,253,8.500004687499999,False,REGULAR,USD,2025-09-19
RIVN250919P00002500,2025-09-15 15:35:08+00:00,2.5,0.03,0.0,0.01,0.01,50.0,1.0,77,5.500003124999999,False,REGULAR,USD,2025-09-19
RIVN250919P00004000,2025-09-08 19:20:27+00:00,4.0,0.01,0.0,0.01,0.0,0.0,1.0,2142,4.000005,False,REGULAR,USD,2025-09-19
RIVN250919P00005000,2025-08-21 15:43:17+00:00,5.0,0.03,0.0,0.03,0.0,0.0,1.0,3674,3.81250046875,False,REGULAR,USD,2025-09-19
RIVN250919P00006000,2025-08-22 15:55:58+00:00,6.0,0.01,0.0,0.01,0.0,0.0,1.0,5567,2.750003125,False,REGULAR,USD,2025-09-19
RIVN250919P00007000,2025-09-11 17:58:33+00:00,7.0,0.01,,0.02,0.0,0.0,,2,2.718753203125,False,REGULAR,USD,2025-09-19
RIVN250919P00007500,2025-09-09 17:48:16+00:00,7.5,0.01,0.0,0.01,0.0,0.0,941.0,29586,2.0625048437499998,False,REGULAR,USD,2025-09-19
RIVN250919P00008000,2025-09-12 15:39:49+00:00,8.0,0.03,,0.01,0.0,0.0,,1,2.000005,False,REGULAR,USD,2025-09-19
RIVN250919P00009000,2025-09-12 17:11:39+00:00,9.0,0.01,0.0,0.01,0.0,0.0,4.0,5855,1.5000025,False,REGULAR,USD,2025-09-19
RIVN250919P00009500,2025-09-11 18:39:36+00:00,9.5,0.01,0.0,0.01,0.0,0.0,8.0,31,1.3125034374999998,False,REGULAR,USD,2025-09-19
RIVN250919P00010000,2025-09-15 18:38:45+00:00,10.0,0.02,0.0,0.01,0.01,0.0,9.0,38314,1.125004375,False,REGULAR,USD,2025-09-19
RIVN250919P00010500,2025-09-15 14:48:38+00:00,10.5,0.01,0.0,0.01,0.0,0.0,1.0,240,0.9687503125,False,REGULAR,USD,2025-09-19
RIVN250919P00011000,2025-09-15 18:26:19+00:00,11.0,0.02,0.01,0.02,-0.01,-33.333336,170.0,19553,0.9687503125,False,REGULAR,USD,2025-09-19
RIVN250919P00011500,2025-09-15 17:12:43+00:00,11.5,0.01,0.01,0.02,-0.02,-66.66667,71.0,1613,0.79687703125,False,REGULAR,USD,2025-09-19
RIVN250919P00012000,2025-09-15 18:42:21+00:00,12.0,0.03,0.02,0.03,-0.03,-50.0,354.0,4175,0.70312796875,False,REGULAR,USD,2025-09-19
RIVN250919P00012500,2025-09-15 18:49:01+00:00,12.5,0.06,0.05,0.06,-0.040000003,-44.444447,1291.0,48583,0.632816171875,False,REGULAR,USD,2025-09-19
RIVN250919P00013000,2025-09-15 18:34:17+00:00,13.0,0.15,0.14,0.16,-0.059999987,-28.571423,2105.0,16879,0.6367223828125,False,REGULAR,USD,2025-09-19
RIVN250919P00013500,2025-09-15 18:50:26+00:00,13.5,0.32,0.32,0.36,-0.09,-21.95122,3910.0,4329,0.6562534375000001,False,REGULAR,USD,2025-09-19
RIVN250919P00014000,2025-09-15 18:07:47+00:00,14.0,0.68,0.64,0.68,-0.07999998,-10.526314,332.0,39596,0.7304714453125,True,REGULAR,USD,2025-09-19
RIVN250919P00014500,2025-09-15 17:30:24+00:00,14.5,0.9,1.01,1.09,-0.25,-21.73913,66.0,1884,0.8007832421875,True,REGULAR,USD,2025-09-19
RIVN250919P00015000,2025-09-15 18:27:13+00:00,15.0,1.52,1.44,1.58,-0.05000007,-3.184718,62.0,6297,0.9335944140625,True,REGULAR,USD,2025-09-19
RIVN250919P00015500,2025-09-15 16:26:08+00:00,15.5,1.98,2.02,2.07,-0.3499999,-15.021457,201.0,104,1.19922275390625,True,REGULAR,USD,2025-09-19
RIVN250919P00016000,2025-09-12 18:01:04+00:00,16.0,2.57,2.45,2.52,0.0,0.0,70.0,3398,1.2265663671875,True,REGULAR,USD,2025-09-19
RIVN250919P00016500,2025-09-11 19:43:57+00:00,16.5,2.5,2.85,3.05,0.0,0.0,30.0,141,1.2773473632812498,True,REGULAR,USD,2025-09-19
RIVN250919P00017000,2025-08-27 13:41:46+00:00,17.0,3.45,3.3,3.55,-0.25,-6.756757,1.0,1,1.3281283593749997,True,REGULAR,USD,2025-09-19
RIVN250919P00017500,2025-09-10 14:21:22+00:00,17.5,3.69,4.0,4.05,0.0,0.0,3.0,2200,1.78125109375,True,REGULAR,USD,2025-09-19
RIVN250919P00018000,2025-09-12 15:52:47+00:00,18.0,4.3,4.45,4.55,-0.099999905,-2.272725,7.0,12,1.8437507812499998,True,REGULAR,USD,2025-09-19
RIVN250919P00019000,2025-09-12 16:42:43+00:00,19.0,5.82,5.45,5.75,0.0,0.0,2.0,6,2.3828165429687496,True,REGULAR,USD,2025-09-19
RIVN250919P00020000,2025-09-08 13:34:29+00:00,20.0,5.92,6.45,6.55,0.0,0.0,1.0,3,2.3125042187499996,True,REGULAR,USD,2025-09-19
RIVN250919P00021000,2025-09-04 14:29:01+00:00,21.0,7.4,7.45,7.55,0.0,0.0,12.0,16,2.5234411914062496,True,REGULAR,USD,2025-09-19
RIVN250919P00022500,2025-09-12 13:31:23+00:00,22.5,8.7,8.8,9.1,0.0,0.0,4.0,15,2.593753515625,True,REGULAR,USD,2025-09-19
RIVN250919P00024000,2025-08-01 15:48:35+00:00,24.0,11.45,10.4,10.5,0.0,0.0,2.0,0,2.843752890625,True,REGULAR,USD,2025-09-19
RIVN250919P00025000,2025-09-12 17:05:50+00:00,25.0,12.2,11.45,11.5,0.0,0.0,1.0,3,3.1171897070312498,True,REGULAR,USD,2025-09-19
RIVN250919P00026000,2025-09-12 17:05:50+00:00,26.0,13.2,12.4,12.55,0.0,0.0,1.0,0,3.2656268359375,True,REGULAR,USD,2025-09-19
RIVN250919P00027000,2025-09-15 13:39:38+00:00,27.0,13.5,13.35,13.55,-0.3000002,-2.1739144,1.0,1,3.281251796875,True,REGULAR,USD,2025-09-19
RIVN250919P00029000,2025-05-07 15:29:03+00:00,29.0,15.75,14.65,15.25,0.0,0.0,,0,1.0000000000000003e-05,True,REGULAR,USD,2025-09-19
RIVN250919P00030000,2025-05-09 13:58:57+00:00,30.0,16.1,15.35,16.4,0.0,0.0,1.0,0,3.3125017187499997,True,REGULAR,USD,2025-09-19
RIVN250919P00031000,2025-08-27 13:56:23+00:00,31.0,17.6,17.45,17.55,0.0,0.0,1.0,1,4.039067451171874,True,REGULAR,USD,2025-09-19
RIVN250919P00032000,2025-08-18 14:52:14+00:00,32.0,19.8,18.45,18.55,0.0,0.0,1.0,7,4.1562548046875,True,REGULAR,USD,2025-09-19
RIVN250919P00033000,2025-08-18 14:52:14+00:00,33.0,20.8,19.45,19.55,0.0,0.0,,1,4.265629667968749,True,REGULAR,USD,2025-09-19
RIVN250919P00035000,2025-09-12 13:33:43+00:00,35.0,21.0,21.45,21.55,0.0,0.0,1.0,1,4.4687544140624995,True,REGULAR,USD,2025-09-19
RIVN250926P00008000,2025-09-12 17:58:42+00:00,8.0,0.01,0.0,0.03,0.0,0.0,6.0,41,1.3750031249999999,False,REGULAR,USD,2025-09-26
RIVN250926P00009000,2025-09-10 17:55:49+00:00,9.0,0.01,0.0,0.75,0.0,0.0,9.0,44,2.28906677734375,False,REGULAR,USD,2025-09-26
RIVN250926P00009500,2025-08-20 18:17:38+00:00,9.5,0.1,0.0,0.75,0.0,0.0,2.0,6,2.07031732421875,False,REGULAR,USD,2025-09-26
RIVN250926P00010000,2025-09-15 16:04:33+00:00,10.0,0.03,0.0,0.09,0.01,50.0,11.0,31,1.0390673046875003,False,REGULAR,USD,2025-09-26
RIVN250926P00010500,2025-09-12 18:53:28+00:00,10.5,0.04,0.0,0.4,0.0,0.0,5.0,138,1.3281283593749997,False,REGULAR,USD,2025-09-26
RIVN250926P00011000,2025-09-15 15:25:46+00:00,11.0,0.04,0.02,0.1,-0.04,-50.0,89.0,2358,0.8242205078124999,False,REGULAR,USD,2025-09-26
RIVN250926P00011500,2025-09-15 18:27:18+00:00,11.5,0.05,0.05,0.06,-0.05,-50.0,21.0,446,0.6718782812500002,False,REGULAR,USD,2025-09-26
RIVN250926P00012000,2025-09-15 18:24:29+00:00,12.0,0.09,0.09,0.1,-0.049999997,-35.714283,92.0,2178,0.632816171875,False,REGULAR,USD,2025-09-26
RIVN250926P00012500,2025-09-15 18:11:17+00:00,12.5,0.17,0.16,0.18,-0.08,-32.0,188.0,1956,0.6054726953125001,False,REGULAR,USD,2025-09-26
RIVN250926P00013000,2025-09-15 18:18:50+00:00,13.0,0.32,0.31,0.33,-0.050000012,-13.157896,236.0,2222,0.6152382226562501,False,REGULAR,USD,2025-09-26
RIVN250926P00013500,2025-09-15 18:20:56+00:00,13.5,0.56,0.51,0.55,-0.04000002,-6.6666694,605.0,1008,0.6171913281250001,False,REGULAR,USD,2025-09-26
RIVN250926P00014000,2025-09-15 15:57:07+00:00,14.0,0.77,0.83,0.87,-0.13,-14.444445,24.0,582,0.6660189648437502,True,REGULAR,USD,2025-09-26
RIVN250926P00014500,2025-09-15 17:41:37+00:00,14.5,1.04,1.16,1.21,-0.24000001,-18.75,28.0,261,0.6718782812500002,True,REGULAR,USD,2025-09-26
RIVN250926P00015000,2025-09-15 18:03:10+00:00,15.0,1.55,1.62,1.66,-0.25,-13.888889,90.0,136,0.7695335546875001,True,REGULAR,USD,2025-09-26
RIVN250926P00015500,2025-09-15 13:44:18+00:00,15.5,2.15,2.06,2.12,0.47000015,27.9762,10.0,172,0.8359391406249999,True,REGULAR,USD,2025-09-26
RIVN250926P00016000,2025-09-12 17:20:05+00:00,16.0,2.99,2.48,2.59,0.0,0.0,16.0,54,0.8730481445312499,True,REGULAR,USD,2025-09-26
RIVN250926P00017000,2025-09-12 13:35:14+00:00,17.0,3.3,3.45,3.55,0.0,0.0,1.0,18,1.015629921875,True,REGULAR,USD,2025-09-26
RIVN250926P00017500,2025-09-04 16:46:03+00:00,17.5,3.95,3.8,4.1,0.0,0.0,,4,0.99804689453125,True,REGULAR,USD,2025-09-26
RIVN250926P00018000,2025-09-09 13:43:05+00:00,18.0,4.25,4.5,4.6,0.0,0.0,1.0,0,1.2851598242187499,True,REGULAR,USD,2025-09-26
RIVN250926P00022500,2025-09-12 14:20:40+00:00,22.5,9.15,8.95,9.05,0.0,0.0,,6,1.8125009374999999,True,REGULAR,USD,2025-09-26
RIVN250926P00025000,2025-09-12 16:41:41+00:00,25.0,11.8,11.45,11.5,0.0,0.0,,31,2.0117237207031247,True,REGULAR,USD,2025-09-26
RIVN251003P00008500,2025-09-09 19:48:11+00:00,8.5,0.02,,0.75,0.0,0.0,,1,2.60156599609375,False,REGULAR,USD,2025-10-03
RIVN251003P00010000,2025-09-03 19:02:01+00:00,10.0,0.04,0.02,0.74,0.0,0.0,1.0,2,1.484377578125,False,REGULAR,USD,2025-10-03
RIVN251003P00010500,2025-09-15 16:32:30+00:00,10.5,0.05,0.04,0.06,-0.029999997,-37.499996,20.0,51,0.73437765625,False,REGULAR,USD,2025-10-03
RIVN251003P00011000,2025-09-15 18:16:25+00:00,11.0,0.09,0.07,0.09,-0.009999998,-9.999997,9.0,194,0.70312796875,False,REGULAR,USD,2025-10-03
RIVN251003P00011500,2025-09-15 14:34:19+00:00,11.5,0.14,0.12,0.14,-0.010000005,-8.333337,21.0,174,0.6796907031250001,False,REGULAR,USD,2025-10-03
RIVN251003P00012000,2025-09-15 18:49:01+00:00,12.0,0.2,0.2,0.21,-0.03999999,-16.666662,57.0,514,0.6562534375000001,False,REGULAR,USD,2025-10-03
RIVN251003P00012500,2025-09-15 16:05:53+00:00,12.5,0.33,0.32,0.34,-0.030000001,-8.333333,53.0,698,0.6523472265625001,False,REGULAR,USD,2025-10-03
RIVN251003P00013000,2025-09-15 18:40:43+00:00,13.0,0.5,0.49,0.52,-0.04000002,-7.4074106,61.0,499,0.6523472265625001,False,REGULAR,USD,2025-10-03
RIVN251003P00013500,2025-09-15 18:10:45+00:00,13.5,0.73,0.72,0.76,-0.049999952,-6.4102507,1830.0,365,0.6621127539062501,False,REGULAR,USD,2025-10-03
RIVN251003P00014000,2025-09-15 18:09:16+00:00,14.0,1.01,1.01,1.05,-0.049999952,-4.716977,20.0,451,0.6757844921875001,True,REGULAR,USD,2025-10-03
RIVN251003P00014500,2025-09-15 13:51:11+00:00,14.5,1.36,1.36,1.4,-0.21000004,-13.375798,4.0,667,0.70117486328125,True,REGULAR,USD,2025-10-03
RIVN251003P00015000,2025-09-15 13:50:35+00:00,15.0,1.76,1.7,1.78,-0.00999999,-0.5649712,5.0,231,0.7050810742187501,True,REGULAR,USD,2025-10-03
RIVN251003P00015500,2025-09-15 13:49:34+00:00,15.5,2.19,2.16,2.21,0.03999996,1.8604633,1.0,3,0.7617211328125001,True,REGULAR,USD,2025-10-03
RIVN251003P00016000,2025-09-12 13:49:48+00:00,16.0,2.65,2.51,2.64,0.0,0.0,2.0,12,0.7421900781249999,True,REGULAR,USD,2025-10-03
RIVN251003P00016500,2025-09-11 15:03:11+00:00,16.5,2.29,3.05,3.15,0.0,0.0,10.0,10,0.85742330078125,True,REGULAR,USD,2025-10-03
RIVN251003P00017000,2025-09-05 15:23:28+00:00,17.0,2.9,3.55,3.6,0.0,0.0,1.0,72,0.9082040429687499,True,REGULAR,USD,2025-10-03
RIVN251003P00017500,2025-09-12 13:36:37+00:00,17.5,3.95,4.0,4.3,0.0,0.0,,1,1.076176494140625,True,REGULAR,USD,2025-10-03
RIVN251003P00018000,2025-08-26 18:56:11+00:00,18.0,4.78,4.3,4.6,0.0,0.0,,10,0.85937640625,True,REGULAR,USD,2025-10-03
RIVN251010P00010000,2025-09-15 14:07:11+00:00,10.0,0.04,0.0,0.08,-0.060000002,-60.0,1.0,10,0.6875031250000001,False,REGULAR,USD,2025-10-10
RIVN251010P00010500,2025-09-12 17:05:48+00:00,10.5,0.12,0.07,0.1,0.0,0.0,45.0,140,0.710940390625,False,REGULAR,USD,2025-10-10
RIVN251010P00011000,2025-09-12 18:31:43+00:00,11.0,0.12,0.11,0.14,-0.030000009,-20.000006,1.0,333,0.6796907031250001,False,REGULAR,USD,2025-10-10
RIVN251010P00011500,2025-09-15 18:21:46+00:00,11.5,0.2,0.18,0.2,-0.00999999,-4.7619004,49.0,235,0.65820654296875,False,REGULAR,USD,2025-10-10
RIVN251010P00012000,2025-09-15 18:22:28+00:00,12.0,0.28,0.28,0.3,-0.060000002,-17.647058,66.0,396,0.648441015625,False,REGULAR,USD,2025-10-10
RIVN251010P00012500,2025-09-15 18:40:03+00:00,12.5,0.42,0.41,0.43,-0.060000002,-12.5,66.0,482,0.6337927246093751,False,REGULAR,USD,2025-10-10
RIVN251010P00013000,2025-09-15 18:23:19+00:00,13.0,0.61,0.59,0.61,-0.060000002,-8.955224,68.0,255,0.6289099609375001,False,REGULAR,USD,2025-10-10
RIVN251010P00013500,2025-09-15 18:25:10+00:00,13.5,0.85,0.84,0.87,-0.089999974,-9.574465,175.0,229,0.64648791015625,False,REGULAR,USD,2025-10-10
RIVN251010P00014000,2025-09-15 18:32:21+00:00,14.0,1.15,1.09,1.15,-0.029999971,-2.5423706,16.0,331,0.63867548828125,True,REGULAR,USD,2025-10-10
RIVN251010P00014500,2025-09-15 14:02:20+00:00,14.5,1.38,1.44,1.5,-0.13999999,-9.2105255,61.0,194,0.6640658593750002,True,REGULAR,USD,2025-10-10
RIVN251010P00015000,2025-09-15 15:04:07+00:00,15.0,1.75,1.8,1.85,-0.44000006,-20.091328,17.0,59,0.6679720703125002,True,REGULAR,USD,2025-10-10
RIVN251010P00015500,2025-09-15 18:40:03+00:00,15.5,2.3,2.14,2.28,-0.24000001,-9.448819,2.0,15,0.6728548339843752,True,REGULAR,USD,2025-10-10
RIVN251010P00016000,2025-09-09 14:55:03+00:00,16.0,2.4,2.64,2.73,0.0,0.0,1.0,2,0.73633076171875,True,REGULAR,USD,2025-10-10
RIVN251010P00016500,2025-09-12 17:05:49+00:00,16.5,3.7,3.1,3.2,0.0,0.0,,1,0.7812521875,True,REGULAR,USD,2025-10-10
RIVN251010P00017000,2025-09-03 14:25:05+00:00,17.0,2.68,3.55,3.65,0.0,0.0,,50,0.8027363476562499,True,REGULAR,USD,2025-10-10
RIVN251010P00017500,2025-09-09 19:36:42+00:00,17.5,3.73,4.05,4.15,0.0,0.0,,1,0.867188828125,True,REGULAR,USD,2025-10-10
RIVN251017P00005000,2025-08-18 16:30:39+00:00,5.0,0.08,0.0,0.07,0.0,0.0,15.0,115,1.671876640625,False,REGULAR,USD,2025-10-17
RIVN251017P00006000,2025-09-12 15:36:14+00:00,6.0,0.07,,0.08,0.0,0.0,,3,1.6171894140625,False,REGULAR,USD,2025-10-17
RIVN251017P00007000,2025-09-04 16:42:19+00:00,7.0,0.05,0.0,0.06,0.0,0.0,1.0,9,1.125004375,False,REGULAR,USD,2025-10-17
RIVN251017P00008000,2025-09-10 18:27:48+00:00,8.0,0.03,0.0,0.11,0.0,0.0,29.0,182,1.0312548437500002,False,REGULAR,USD,2025-10-17
RIVN251017P00009000,2025-09-15 17:37:35+00:00,9.0,0.04,0.04,0.06,-0.030000001,-42.857143,91.0,3514,0.8203142968749999,False,REGULAR,USD,2025-10-17
RIVN251017P00010000,2025-09-15 18:38:45+00:00,10.0,0.09,0.07,0.09,-0.019999996,-18.181814,228.0,12054,0.710940390625,False,REGULAR,USD,2025-10-17
RIVN251017P00011000,2025-09-15 18:25:07+00:00,11.0,0.18,0.16,0.18,-0.019999996,-10.526314,22.0,4225,0.6601596484375001,False,REGULAR,USD,2025-10-17
RIVN251017P00012000,2025-09-15 18:13:23+00:00,12.0,0.34,0.35,0.37,-0.049999982,-12.820508,109.0,20767,0.6347692773437501,False,REGULAR,USD,2025-10-17
RIVN251017P00013000,2025-09-15 18:30:50+00:00,13.0,0.71,0.69,0.73,-0.02000004,-2.7397316,241.0,15482,0.629886513671875,False,REGULAR,USD,2025-10-17
RIVN251017P00014000,2025-09-15 17:40:17+00:00,14.0,1.12,1.21,1.26,-0.13999999,-11.11111,130.0,5790,0.637698935546875,True,REGULAR,USD,2025-10-17
RIVN251017P00015000,2025-09-12 19:58:28+00:00,15.0,1.97,1.82,1.97,0.0,0.0,96.0,2409,0.639652041015625,True,REGULAR,USD,2025-10-17
RIVN251017P00016000,2025-09-15 18:27:13+00:00,16.0,2.72,2.61,2.92,-0.13999987,-4.8951006,30.0,778,0.7148466015625,True,REGULAR,USD,2025-10-17
RIVN251017P00017000,2025-09-12 18:53:29+00:00,17.0,3.7,3.6,3.7,0.0,0.0,12.0,320,0.7578149218750001,True,REGULAR,USD,2025-10-17
RIVN251017P00018000,2025-09-08 18:01:58+00:00,18.0,4.05,4.5,4.65,0.0,0.0,6.0,283,0.8007832421875,True,REGULAR,USD,2025-10-17
RIVN251017P00020000,2025-09-12 19:58:28+00:00,20.0,6.55,6.5,6.6,0.0,0.0,5.0,5,0.9648441015625,True,REGULAR,USD,2025-10-17
RIVN251017P00021000,2025-08-18 13:31:25+00:00,21.0,8.7,7.5,7.6,0.0,0.0,1.0,1,1.0488328808593752,True,REGULAR,USD,2025-10-17
RIVN251017P00023000,2025-08-22 13:30:31+00:00,23.0,10.8,9.45,9.55,0.0,0.0,2.0,0,1.12891060546875,True,REGULAR,USD,2025-10-17
RIVN251017P00024000,2025-07-30 18:59:22+00:00,24.0,11.1,10.4,10.5,0.0,0.0,1.0,0,1.1054732226562503,True,REGULAR,USD,2025-10-17
RIVN251017P00025000,2025-09-12 14:35:47+00:00,25.0,11.65,11.45,11.6,0.0,0.0,1.0,5,1.2968785156249998,True,REGULAR,USD,2025-10-17
RIVN251024P00010000,2025-09-12 19:30:38+00:00,10.0,0.13,0.07,0.17,0.0,0.0,36.0,39,0.7148466015625,False,REGULAR,USD,2025-10-24
RIVN251024P00010500,2025-09-15 14:57:23+00:00,10.5,0.15,0.14,0.17,-0.120000005,-44.444443,3.0,4,0.6718782812500002,False,REGULAR,USD,2025-10-24
RIVN251024P00011000,2025-09-15 18:21:15+00:00,11.0,0.21,0.2,0.24,-0.040000007,-16.000002,17.0,41,0.6523472265625001,False,REGULAR,USD,2025-10-24
RIVN251024P00011500,2025-09-15 18:21:09+00:00,11.5,0.31,0.29,0.34,-0.030000001,-8.823529,9.0,370,0.6425816992187501,False,REGULAR,USD,2025-10-24
RIVN251024P00012000,2025-09-15 18:28:33+00:00,12.0,0.43,0.4,0.44,-0.049999982,-10.416663,10.0,103,0.6191444335937502,False,REGULAR,USD,2025-10-24
RIVN251024P00012500,2025-09-15 18:28:33+00:00,12.5,0.57,0.54,0.61,-0.23000002,-28.750002,24.0,114,0.6113320117187502,False,REGULAR,USD,2025-10-24
RIVN251024P00013000,2025-09-15 18:19:05+00:00,13.0,0.8,0.75,0.83,0.0,0.0,8.0,90,0.6181678808593751,False,REGULAR,USD,2025-10-24
RIVN251024P00013500,2025-09-15 16:08:52+00:00,13.5,0.98,1.0,1.04,-0.100000024,-9.259261,5.0,25,0.6123085644531252,False,REGULAR,USD,2025-10-24
RIVN251024P00014000,2025-09-15 17:13:04+00:00,14.0,1.22,1.29,1.33,-0.28999996,-19.205296,4.0,111,0.6191444335937502,True,REGULAR,USD,2025-10-24
RIVN251024P00014500,2025-09-12 17:05:50+00:00,14.5,2.06,1.58,1.73,0.0,0.0,3.0,40,0.63867548828125,True,REGULAR,USD,2025-10-24
RIVN251024P00015000,2025-09-12 16:48:09+00:00,15.0,2.23,1.89,2.12,0.0,0.0,4.0,8,0.6445348046875,True,REGULAR,USD,2025-10-24
RIVN251024P00015500,2025-09-12 17:05:49+00:00,15.5,2.85,2.3,2.59,0.0,0.0,,1,0.6894562304687502,True,REGULAR,USD,2025-10-24
RIVN251024P00016000,2025-09-12 15:12:00+00:00,16.0,3.0,2.71,3.0,0.0,0.0,,1,0.7060576269531251,True,REGULAR,USD,2025-10-24
RIVN251024P00016500,2025-09-10 15:25:01+00:00,16.5,2.95,3.15,3.35,0.0,0.0,,4,0.70117486328125,True,REGULAR,USD,2025-10-24
RIVN251024P00017000,2025-09-11 15:53:51+00:00,17.0,2.85,3.6,3.75,0.0,0.0,,40,0.7050810742187501,True,REGULAR,USD,2025-10-24
RIVN251024P00019500,2025-09-11 18:33:40+00:00,19.5,5.5,5.95,6.15,0.0,0.0,,15,0.8320329296874999,True,REGULAR,USD,2025-10-24
RIVN251031P00009000,2025-09-12 15:55:19+00:00,9.0,0.11,,0.7,0.0,0.0,,5,1.46875265625,False,REGULAR,USD,2025-10-31
RIVN251031P00010000,2025-09-12 17:05:50+00:00,10.0,0.21,0.0,0.22,0.0,0.0,,108,0.6445348046875,False,REGULAR,USD,2025-10-31
RIVN251031P00010500,2025-09-12 16:06:05+00:00,10.5,0.24,,0.24,0.0,0.0,,1,0.710940390625,False,REGULAR,USD,2025-10-31
RIVN251031P00011000,2025-09-12 19:09:56+00:00,11.0,0.26,0.24,0.28,-0.01000002,-3.703711,1.0,30,0.63867548828125,False,REGULAR,USD,2025-10-31
RIVN251031P00011500,2025-09-15 18:43:58+00:00,11.5,0.36,0.31,0.38,-0.00999999,-2.7027001,91.0,2,0.6152382226562501,False,REGULAR,USD,2025-10-31
RIVN251031P00012000,2025-09-15 16:41:43+00:00,12.0,0.45,0.47,0.51,-0.06999999,-13.461537,112.0,215,0.6171913281250001,False,REGULAR,USD,2025-10-31
RIVN251031P00012500,2025-09-12 16:29:55+00:00,12.5,0.76,0.62,0.71,0.0,0.0,,6,0.6171913281250001,False,REGULAR,USD,2025-10-31
RIVN251031P00013000,2025-09-15 14:57:49+00:00,13.0,0.8,0.79,0.87,-0.089999974,-10.112356,12.0,123,0.5918009570312501,False,REGULAR,USD,2025-10-31
RIVN251031P00013500,2025-09-15 16:01:09+00:00,13.5,1.04,1.08,1.12,-0.13,-11.111112,2.0,4,0.6064492480468751,False,REGULAR,USD,2025-10-31
RIVN251031P00014000,2025-09-12 15:55:19+00:00,14.0,1.24,1.36,1.42,-0.33000004,-21.01911,5.0,113,0.6123085644531252,True,REGULAR,USD,2025-10-31
RIVN251031P00015000,2025-09-11 17:04:53+00:00,15.0,1.57,1.98,2.12,0.0,0.0,,10,0.6191444335937502,True,REGULAR,USD,2025-10-31
RIVN251121P00005000,2025-08-29 13:30:06+00:00,5.0,0.01,0.0,0.09,0.0,0.0,1.0,2311,1.21875390625,False,REGULAR,USD,2025-11-21
RIVN251121P00006000,2025-09-08 15:50:29+00:00,6.0,0.01,0.0,0.12,0.0,0.0,66.0,114,1.0625046875000002,False,REGULAR,USD,2025-11-21
RIVN251121P00007000,2025-09-11 19:55:25+00:00,7.0,0.05,0.01,0.14,0.0,0.0,41.0,40,0.9257819921875,False,REGULAR,USD,2025-11-21
RIVN251121P00008000,2025-09-15 18:02:56+00:00,8.0,0.06,0.06,0.18,-0.02,-25.0,1.0,317,0.8476577734374999,False,REGULAR,USD,2025-11-21
RIVN251121P00009000,2025-09-12 17:23:39+00:00,9.0,0.19,0.16,0.2,0.0,0.0,14.0,149,0.7656273437500001,False,REGULAR,USD,2025-11-21
RIVN251121P00010000,2025-09-15 18:37:28+00:00,10.0,0.3,0.27,0.3,-0.00999999,-3.2258034,19.0,2662,0.70898728515625,False,REGULAR,USD,2025-11-21
RIVN251121P00011000,2025-09-15 14:50:09+00:00,11.0,0.44,0.46,0.5,-0.089999974,-16.981127,10.0,1336,0.6796907031250001,False,REGULAR,USD,2025-11-21
RIVN251121P00012000,2025-09-15 15:17:27+00:00,12.0,0.74,0.74,0.78,-0.050000012,-6.329115,48.0,3350,0.6543003320312502,False,REGULAR,USD,2025-11-21
RIVN251121P00013000,2025-09-12 19:50:12+00:00,13.0,1.16,1.14,1.18,-0.03000009,-2.521016,144.0,6512,0.64062859375,False,REGULAR,USD,2025-11-21
RIVN251121P00014000,2025-09-15 13:46:47+00:00,14.0,1.72,1.68,1.72,0.01999998,1.1764694,1.0,1836,0.6411168701171875,True,REGULAR,USD,2025-11-21
RIVN251121P00015000,2025-09-15 16:13:39+00:00,15.0,2.3,2.31,2.36,-0.25,-9.803922,4.0,1682,0.639652041015625,True,REGULAR,USD,2025-11-21
RIVN251121P00016000,2025-09-12 17:05:50+00:00,16.0,3.52,3.05,3.15,0.0,0.0,53.0,537,0.659183095703125,True,REGULAR,USD,2025-11-21
RIVN251121P00017000,2025-09-05 14:00:39+00:00,17.0,3.2,3.8,3.95,0.0,0.0,10.0,641,0.6513706738281251,True,REGULAR,USD,2025-11-21
RIVN251121P00018000,2025-09-12 17:03:34+00:00,18.0,4.95,4.75,4.85,0.0,0.0,1.0,488,0.6972686523437501,True,REGULAR,USD,2025-11-21
RIVN251121P00019000,2025-09-04 15:01:50+00:00,19.0,5.6,5.65,5.75,0.0,0.0,1.0,22,0.7128934960937501,True,REGULAR,USD,2025-11-21
RIVN251121P00020000,2025-09-12 17:05:48+00:00,20.0,7.0,6.5,6.65,0.0,0.0,5.0,17,0.6894562304687502,True,REGULAR,USD,2025-11-21
RIVN251121P00021000,2025-09-08 13:30:02+00:00,21.0,6.95,7.6,7.7,0.0,0.0,,10,0.807619111328125,True,REGULAR,USD,2025-11-21
RIVN251121P00022000,2025-09-08 13:43:25+00:00,22.0,8.2,8.55,8.65,0.0,0.0,3.0,3,0.8242205078124999,True,REGULAR,USD,2025-11-21
RIVN251121P00023000,2025-09-03 15:36:00+00:00,23.0,8.35,9.5,9.6,0.0,0.0,40.0,40,0.8320329296874999,True,REGULAR,USD,2025-11-21
RIVN251121P00025000,2025-08-05 18:15:12+00:00,25.0,12.75,10.8,10.9,0.0,0.0,10.0,2,1.0000000000000003e-05,True,REGULAR,USD,2025-11-21
RIVN251219P00001000,2025-08-15 19:17:16+00:00,1.0,0.01,0.0,0.01,0.0,0.0,1.0,36,1.9375003125,False,REGULAR,USD,2025-12-19
RIVN251219P00002500,2025-09-10 19:42:09+00:00,2.5,0.01,0.0,0.06,0.0,0.0,28.0,7680,1.5937520312499998,False,REGULAR,USD,2025-12-19
RIVN251219P00004000,2025-09-02 17:21:58+00:00,4.0,0.03,0.0,0.09,0.0,0.0,12.0,179,1.2343788281249999,False,REGULAR,USD,2025-12-19
RIVN251219P00005000,2025-09-15 14:52:14+00:00,5.0,0.07,0.02,0.06,0.02,40.0,100.0,18182,1.000005,False,REGULAR,USD,2025-12-19
RIVN251219P00006000,2025-09-12 14:02:44+00:00,6.0,0.04,0.0,0.14,0.0,0.0,10.0,504,0.92187578125,False,REGULAR,USD,2025-12-19
RIVN251219P00007500,2025-09-12 17:26:23+00:00,7.5,0.13,0.09,0.19,0.0,0.0,6.0,49849,0.8125018749999999,False,REGULAR,USD,2025-12-19
RIVN251219P00009000,2025-09-15 17:06:04+00:00,9.0,0.23,0.22,0.25,-0.049999997,-17.857141,11.0,10755,0.6972686523437501,False,REGULAR,USD,2025-12-19
RIVN251219P00010000,2025-09-15 14:36:29+00:00,10.0,0.37,0.37,0.4,-0.049999982,-11.9047575,13.0,22767,0.6640658593750002,False,REGULAR,USD,2025-12-19
RIVN251219P00011000,2025-09-12 19:39:32+00:00,11.0,0.58,0.61,0.63,-0.06999999,-10.76923,1.0,2630,0.6445348046875,False,REGULAR,USD,2025-12-19
RIVN251219P00012500,2025-09-15 17:44:58+00:00,12.5,1.06,1.12,1.14,-0.110000014,-9.401711,259.0,14336,0.6171913281250001,False,REGULAR,USD,2025-12-19
RIVN251219P00014000,2025-09-15 18:50:08+00:00,14.0,1.9,1.9,1.91,-0.05000007,-2.551024,265.0,5171,0.6132851171875001,True,REGULAR,USD,2025-12-19
RIVN251219P00015000,2025-09-12 17:05:50+00:00,15.0,2.94,2.5,2.57,0.0,0.0,11.0,12523,0.6113320117187502,True,REGULAR,USD,2025-12-19
RIVN251219P00016000,2025-09-12 18:33:34+00:00,16.0,3.3,3.2,3.3,0.0,0.0,17.0,3946,0.6123085644531252,True,REGULAR,USD,2025-12-19
RIVN251219P00017500,2025-09-12 15:16:46+00:00,17.5,4.6,4.4,4.5,0.0,0.0,46.0,6761,0.6191444335937502,True,REGULAR,USD,2025-12-19
RIVN251219P00019000,2025-09-12 15:22:48+00:00,19.0,6.0,5.75,5.85,0.0,0.0,1.0,42,0.6523472265625001,True,REGULAR,USD,2025-12-19
RIVN251219P00020000,2025-09-02 19:12:30+00:00,20.0,6.43,6.7,6.8,0.0,0.0,1.0,3278,0.68555001953125,True,REGULAR,USD,2025-12-19
RIVN251219P00022500,2025-08-11 13:31:38+00:00,22.5,10.4,0.0,0.0,0.0,0.0,22.0,18,1.0000000000000003e-05,True,REGULAR,USD,2025-12-19
RIVN251219P00025000,2025-09-03 14:44:44+00:00,25.0,10.25,11.5,11.6,0.0,0.0,5.0,45,0.7773459765625,True,REGULAR,USD,2025-12-19
RIVN251219P00027500,2025-05-14 15:05:04+00:00,27.5,13.21,14.05,14.2,0.0,0.0,1.0,169,0.9257819921875,True,REGULAR,USD,2025-12-19
RIVN251219P00030000,2025-08-18 13:37:54+00:00,30.0,17.85,16.45,16.55,0.0,0.0,47.0,0,0.8906260937499999,True,REGULAR,USD,2025-12-19
RIVN251219P00032500,2025-08-22 13:30:31+00:00,32.5,20.3,18.95,19.05,0.0,0.0,1.0,1,0.9570316796874999,True,REGULAR,USD,2025-12-19
RIVN251219P00035000,2025-06-02 15:50:26+00:00,35.0,21.05,21.95,22.05,0.0,0.0,123.0,250,1.3935577197265623,True,REGULAR,USD,2025-12-19
RIVN251219P00037500,2025-09-12 13:34:44+00:00,37.5,23.8,23.95,24.05,0.0,0.0,1.0,1,1.0703171484375003,True,REGULAR,USD,2025-12-19
RIVN251219P00040000,2025-05-13 17:39:04+00:00,40.0,25.01,25.85,25.95,0.0,0.0,2.0,0,1.0000000000000003e-05,True,REGULAR,USD,2025-12-19
RIVN260116P00001000,2025-09-02 15:17:23+00:00,1.0,0.01,0.0,0.04,-0.01,-50.0,10.0,1796,2.0625048437499998,False,REGULAR,USD,2026-01-16
RIVN260116P00002500,2025-09-15 15:26:52+00:00,2.5,0.02,0.01,0.02,0.0,0.0,2.0,14891,1.2656286718749998,False,REGULAR,USD,2026-01-16
RIVN260116P00004000,2025-09-10 18:42:06+00:00,4.0,0.01,0.0,0.11,0.0,0.0,30.0,673,1.125004375,False,REGULAR,USD,2026-01-16
RIVN260116P00005000,2025-09-15 18:04:52+00:00,5.0,0.06,0.04,0.11,0.02,50.0,5.0,127630,0.98437515625,False,REGULAR,USD,2026-01-16
RIVN260116P00007500,2025-09-15 16:05:25+00:00,7.5,0.15,0.14,0.17,-0.019999996,-11.764703,12.0,70089,0.7324245507812499,False,REGULAR,USD,2026-01-16
RIVN260116P00009000,2025-09-12 15:46:56+00:00,9.0,0.28,0.29,0.32,-0.050000012,-15.151518,1.0,123,0.6640658593750002,False,REGULAR,USD,2026-01-16
RIVN260116P00010000,2025-09-15 13:30:01+00:00,10.0,0.48,0.47,0.5,-0.030000001,-5.882353,2.0,74627,0.63867548828125,False,REGULAR,USD,2026-01-16
RIVN260116P00011000,2025-09-15 18:25:20+00:00,11.0,0.73,0.74,0.76,-0.03999996,-5.1948004,404.0,1227,0.62305064453125,False,REGULAR,USD,2026-01-16
RIVN260116P00012500,2025-09-15 18:48:24+00:00,12.5,1.29,1.28,1.31,-0.060000062,-4.444449,9.0,49835,0.6001016552734376,False,REGULAR,USD,2026-01-16
RIVN260116P00014000,2025-09-15 18:25:20+00:00,14.0,2.06,2.05,2.08,0.00999999,0.4878044,138.0,1134,0.5898478515625001,True,REGULAR,USD,2026-01-16
RIVN260116P00015000,2025-09-15 17:14:58+00:00,15.0,2.66,2.66,2.7,-0.14999986,-5.3380733,2.0,39185,0.5839885351562499,True,REGULAR,USD,2026-01-16
RIVN260116P00016000,2025-09-12 15:51:24+00:00,16.0,3.6,3.35,3.45,0.0,0.0,45.0,653,0.5883830224609375,True,REGULAR,USD,2026-01-16
RIVN260116P00017500,2025-09-12 14:45:13+00:00,17.5,4.7,4.55,4.6,0.0,0.0,10.0,7265,0.5918009570312501,True,REGULAR,USD,2026-01-16
RIVN260116P00020000,2025-09-12 17:05:50+00:00,20.0,7.5,6.7,6.8,0.0,0.0,15.0,7277,0.6025430371093752,True,REGULAR,USD,2026-01-16
RIVN260116P00022500,2025-09-12 17:05:50+00:00,22.5,9.85,9.1,9.2,0.0,0.0,7.0,930,0.6611362011718751,True,REGULAR,USD,2026-01-16
RIVN260116P00025000,2025-09-12 15:52:25+00:00,25.0,11.85,11.55,11.65,0.0,0.0,1.0,3,0.72070591796875,True,REGULAR,USD,2026-01-16
RIVN260116P00027500,2025-07-07 18:37:01+00:00,27.5,14.9,13.9,15.0,0.0,0.0,5.0,0,0.9960937890625,True,REGULAR,USD,2026-01-16
RIVN260116P00030000,2025-08-22 13:30:30+00:00,30.0,17.8,16.5,16.6,0.0,0.0,3.0,10,0.8281267187499999,True,REGULAR,USD,2026-01-16
RIVN260116P00032500,2025-05-15 14:12:42+00:00,32.5,17.25,19.0,19.1,0.0,0.0,119.0,10,0.8876964355468748,True,REGULAR,USD,2026-01-16
RIVN260116P00035000,2025-02-18 18:10:59+00:00,35.0,21.01,22.85,23.95,0.0,0.0,12.0,14,1.7753917480468748,True,REGULAR,USD,2026-01-16
RIVN260116P00037500,2025-05-28 18:19:56+00:00,37.5,21.75,23.85,23.95,0.0,0.0,1.0,0,0.8007832421875,True,REGULAR,USD,2026-01-16
RIVN260116P00040000,2025-08-18 13:31:25+00:00,40.0,27.7,26.3,26.55,0.0,0.0,17.0,1,0.8867198828124999,True,REGULAR,USD,2026-01-16
RIVN260220P00005000,2025-08-22 16:57:30+00:00,5.0,0.1,0.02,0.15,0.0,0.0,20.0,5,0.8906260937499999,False,REGULAR,USD,2026-02-20
RIVN260220P00006000,2025-09-04 18:11:55+00:00,6.0,0.07,0.05,0.21,0.0,0.0,5.0,6,0.81445498046875,False,REGULAR,USD,2026-02-20
RIVN260220P00007000,2025-09-11 13:40:48+00:00,7.0,0.1,0.17,0.2,0.0,0.0,2.0,10,0.7402369726562499,False,REGULAR,USD,2026-02-20
RIVN260220P00008000,2025-09-03 17:25:11+00:00,8.0,0.24,0.27,0.29,0.0,0.0,20.0,26,0.692385888671875,False,REGULAR,USD,2026-02-20
RIVN260220P00009000,2025-09-11 16:18:34+00:00,9.0,0.37,0.42,0.45,0.0,0.0,4.0,126,0.6621127539062501,False,REGULAR,USD,2026-02-20
RIVN260220P00010000,2025-09-15 18:19:04+00:00,10.0,0.65,0.64,0.66,-0.030000031,-4.4117694,27.0,375,0.63867548828125,False,REGULAR,USD,2026-02-20
RIVN260220P00011000,2025-09-15 18:30:39+00:00,11.0,0.94,0.92,0.96,-0.01999998,-2.0833313,197.0,1207,0.6201209863281252,False,REGULAR,USD,2026-02-20
RIVN260220P00012000,2025-09-15 18:31:16+00:00,12.0,1.32,1.3,1.32,-0.00999999,-0.751879,15.0,245,0.6059609716796877,False,REGULAR,USD,2026-02-20
RIVN260220P00013000,2025-09-12 18:47:17+00:00,13.0,1.8,1.75,1.84,0.0,0.0,16.0,120,0.6040078662109377,False,REGULAR,USD,2026-02-20
RIVN260220P00014000,2025-09-15 15:59:35+00:00,14.0,2.26,2.3,2.36,0.049999952,2.2624412,1.0,920,0.594730615234375,True,REGULAR,USD,2026-02-20
RIVN260220P00015000,2025-09-12 14:41:56+00:00,15.0,3.05,2.9,2.98,0.0,0.0,3.0,168,0.5874064697265625,True,REGULAR,USD,2026-02-20
RIVN260220P00016000,2025-09-15 17:17:36+00:00,16.0,3.55,3.6,3.7,-0.1500001,-4.0540566,163.0,238,0.5908244042968751,True,REGULAR,USD,2026-02-20
RIVN260220P00017000,2025-09-11 14:14:56+00:00,17.0,3.85,4.35,4.45,0.0,0.0,6.0,156,0.5903361279296876,True,REGULAR,USD,2026-02-20
RIVN260220P00019000,2025-09-02 19:26:05+00:00,19.0,5.7,5.95,6.05,0.0,0.0,,40,0.579105771484375,True,REGULAR,USD,2026-02-20
RIVN260220P00020000,2025-09-12 15:08:08+00:00,20.0,7.06,6.85,6.95,0.0,0.0,10.0,66,0.5908244042968751,True,REGULAR,USD,2026-02-20
RIVN260220P00025000,2025-09-15 14:01:42+00:00,25.0,11.45,11.5,11.65,0.8899994,8.428024,19.0,270,0.6191444335937502,True,REGULAR,USD,2026-02-20
RIVN260320P00001000,2025-03-26 18:42:19+00:00,1.0,0.01,0.01,0.19,0.0,0.0,,150,2.2343794140624995,False,REGULAR,USD,2026-03-20
RIVN260320P00002000,2025-07-30 13:42:56+00:00,2.0,0.01,0.0,0.29,0.0,0.0,8.0,150,1.7265638671875,False,REGULAR,USD,2026-03-20
RIVN260320P00003000,2025-04-17 14:38:27+00:00,3.0,0.27,0.0,1.34,0.0,0.0,10.0,20,2.1113328466796872,False,REGULAR,USD,2026-03-20
RIVN260320P00004000,2025-08-28 15:10:48+00:00,4.0,0.08,0.02,0.15,0.0,0.0,20.0,7,0.992187578125,False,REGULAR,USD,2026-03-20
RIVN260320P00005000,2025-09-03 16:57:26+00:00,5.0,0.1,0.04,0.19,0.0,0.0,5.0,41,0.87500125,False,REGULAR,USD,2026-03-20
RIVN260320P00006000,2025-09-10 17:57:20+00:00,6.0,0.16,0.08,0.2,0.0,0.0,200.0,218,0.76367423828125,False,REGULAR,USD,2026-03-20
RIVN260320P00007000,2025-09-09 19:22:39+00:00,7.0,0.22,0.21,0.3,0.0,0.0,6.0,110,0.74414318359375,False,REGULAR,USD,2026-03-20
RIVN260320P00008000,2025-09-12 14:42:36+00:00,8.0,0.34,0.33,0.37,-0.030000001,-8.108108,1.0,13241,0.684573466796875,False,REGULAR,USD,2026-03-20
RIVN260320P00009000,2025-09-12 17:05:50+00:00,9.0,0.6,0.47,0.54,0.0,0.0,10.0,108,0.64648791015625,False,REGULAR,USD,2026-03-20
RIVN260320P00010000,2025-09-12 13:43:52+00:00,10.0,0.77,0.73,0.77,0.0,0.0,1.0,5982,0.6289099609375001,False,REGULAR,USD,2026-03-20
RIVN260320P00011000,2025-09-12 13:30:05+00:00,11.0,0.97,1.02,1.08,0.0,0.0,2.0,2631,0.6093789062500001,False,REGULAR,USD,2026-03-20
RIVN260320P00012000,2025-09-12 19:20:00+00:00,12.0,1.42,1.42,1.46,-0.0200001,-1.3888958,3.0,3738,0.5976602734375001,False,REGULAR,USD,2026-03-20
RIVN260320P00013000,2025-09-15 13:30:14+00:00,13.0,1.86,1.85,1.92,-0.049999952,-2.6177986,18.0,250,0.5820354296875,False,REGULAR,USD,2026-03-20
RIVN260320P00014000,2025-09-15 18:32:25+00:00,14.0,2.46,2.44,2.47,-0.00999999,-0.4048579,104.0,1677,0.5820354296875,True,REGULAR,USD,2026-03-20
RIVN260320P00015000,2025-09-15 18:39:38+00:00,15.0,3.04,3.0,3.1,-0.03999996,-1.2987001,71.0,7099,0.5712933496093751,True,REGULAR,USD,2026-03-20
RIVN260320P00016000,2025-09-15 17:16:49+00:00,16.0,3.65,3.7,3.8,0.5,15.873015,66.0,311,0.5722699023437501,True,REGULAR,USD,2026-03-20
RIVN260320P00017000,2025-09-12 15:51:21+00:00,17.0,4.7,4.45,4.55,0.0,0.0,52.0,342,0.5732464550781251,True,REGULAR,USD,2026-03-20
RIVN260320P00020000,2025-09-12 19:46:13+00:00,20.0,6.84,6.95,7.05,-0.15999985,-2.285712,10.0,3663,0.5810588769531251,True,REGULAR,USD,2026-03-20
RIVN260320P00021000,2025-09-03 19:41:06+00:00,21.0,7.1,7.8,7.95,0.0,0.0,,40,0.579105771484375,True,REGULAR,USD,2026-03-20
RIVN260320P00022000,2025-09-15 18:24:12+00:00,22.0,8.8,8.75,8.8,-0.14999962,-1.6759734,75.0,1006,0.577152666015625,True,REGULAR,USD,2026-03-20
RIVN260320P00025000,2025-05-05 18:53:48+00:00,25.0,11.85,11.3,11.4,0.0,0.0,1.0,0,0.4414118359375,True,REGULAR,USD,2026-03-20
RIVN260320P00030000,2025-09-11 13:32:03+00:00,30.0,15.9,16.5,16.6,0.0,0.0,2.0,7,0.6777375976562501,True,REGULAR,USD,2026-03-20
RIVN260618P00002000,2025-09-02 14:44:12+00:00,2.0,0.02,0.0,0.11,0.0,0.0,,0,1.171879140625,False,REGULAR,USD,2026-06-18
RIVN260618P00003000,2025-07-02 14:42:50+00:00,3.0,0.01,0.0,1.37,0.0,0.0,1.0,1,1.75000125,False,REGULAR,USD,2026-06-18
RIVN260618P00004000,2025-06-06 17:46:25+00:00,4.0,0.23,0.0,1.47,0.0,0.0,1.0,1,1.4589870800781248,False,REGULAR,USD,2026-06-18
RIVN260618P00005000,2025-09-03 14:46:33+00:00,5.0,0.17,0.11,0.27,0.0,0.0,4.0,185,0.80664255859375,False,REGULAR,USD,2026-06-18
RIVN260618P00008000,2025-09-12 18:40:31+00:00,8.0,0.57,0.23,0.63,0.0,0.0,12.0,1318,0.6015664843750002,False,REGULAR,USD,2026-06-18
RIVN260618P00010000,2025-09-12 17:05:49+00:00,10.0,1.18,1.03,1.29,0.0,0.0,5.0,20025,0.6425816992187501,False,REGULAR,USD,2026-06-18
RIVN260618P00012000,2025-09-15 13:55:34+00:00,12.0,1.81,1.68,1.85,-0.05000007,-2.688176,11.0,22755,0.5688519677734375,False,REGULAR,USD,2026-06-18
RIVN260618P00015000,2025-09-15 17:17:20+00:00,15.0,3.4,3.45,3.5,-0.099999905,-2.85714,5.0,1877,0.5581098876953126,True,REGULAR,USD,2026-06-18
RIVN260618P00017000,2025-09-10 19:57:06+00:00,17.0,4.58,4.85,4.95,0.0,0.0,1.0,820,0.5576216113281252,True,REGULAR,USD,2026-06-18
RIVN260618P00020000,2025-09-03 19:10:01+00:00,20.0,6.53,7.2,7.3,0.0,0.0,12.0,374,0.5410202148437502,True,REGULAR,USD,2026-06-18
RIVN260618P00022000,2025-09-03 14:23:55+00:00,22.0,8.05,8.95,9.05,0.0,0.0,30.0,95,0.5419967675781252,True,REGULAR,USD,2026-06-18
RIVN260618P00025000,2025-05-14 17:21:03+00:00,25.0,10.9,11.95,12.15,0.0,0.0,4.0,4,0.63867548828125,True,REGULAR,USD,2026-06-18
RIVN260618P00027000,2025-06-06 13:59:29+00:00,27.0,13.6,14.0,14.15,0.0,0.0,1.0,0,0.6938507177734375,True,REGULAR,USD,2026-06-18
RIVN260618P00030000,2025-05-21 13:52:01+00:00,30.0,13.83,16.45,18.05,0.0,0.0,,10,0.8085956640624999,True,REGULAR,USD,2026-06-18
RIVN260918P00001000,2025-09-15 14:12:39+00:00,1.0,0.01,0.01,0.04,-0.01,-50.0,4.0,161,1.2343788281249999,False,REGULAR,USD,2026-09-18
RIVN260918P00004000,2025-09-09 14:25:18+00:00,4.0,0.2,0.16,0.2,0.030000001,17.647058,2.0,606,0.8281267187499999,False,REGULAR,USD,2026-09-18
RIVN260918P00005000,2025-09-12 17:05:49+00:00,5.0,0.29,0.19,0.37,0.0,0.0,1.0,319,0.77148666015625,False,REGULAR,USD,2026-09-18
RIVN260918P00008000,2025-09-12 17:05:56+00:00,8.0,0.78,0.76,0.83,0.0,0.0,1.0,23710,0.6586948193359375,False,REGULAR,USD,2026-09-18
RIVN260918P00010000,2025-09-12 17:05:50+00:00,10.0,1.5,1.36,1.43,0.0,0.0,106.0,464,0.6171913281250001,False,REGULAR,USD,2026-09-18
RIVN260918P00012000,2025-09-12 17:05:56+00:00,12.0,3.19,2.18,2.26,0.0,0.0,1067.0,13711,0.5874064697265625,False,REGULAR,USD,2026-09-18
RIVN260918P00015000,2025-09-12 14:28:19+00:00,15.0,3.9,3.8,3.95,0.0,0.0,5.0,1998,0.5571333349609376,True,REGULAR,USD,2026-09-18
RIVN260918P00017000,2025-09-10 17:15:43+00:00,17.0,4.93,5.2,5.3,0.0,0.0,10.0,956,0.5478560839843751,True,REGULAR,USD,2026-09-18
RIVN260918P00020000,2025-08-08 19:14:05+00:00,20.0,8.6,6.95,7.1,0.0,0.0,25.0,256,0.43604079589843747,True,REGULAR,USD,2026-09-18
RIVN260918P00022000,2025-08-21 18:24:20+00:00,22.0,10.3,9.15,9.3,0.0,0.0,1.0,299,0.5224657128906249,True,REGULAR,USD,2026-09-18
RIVN261218P00001000,2025-09-02 14:43:53+00:00,1.0,0.03,0.0,0.11,0.0,0.0,2.0,3,1.2656286718749998,False,REGULAR,USD,2026-12-18
RIVN261218P00002500,2025-09-12 19:50:05+00:00,2.5,0.12,0.12,0.23,0.0,0.0,26.0,793,1.01172369140625,False,REGULAR,USD,2026-12-18
RIVN261218P00004000,2025-09-09 14:28:36+00:00,4.0,0.25,0.19,0.36,0.0,0.0,8.0,760,0.8261736132812498,False,REGULAR,USD,2026-12-18
RIVN261218P00005000,2025-09-12 18:06:05+00:00,5.0,0.39,0.36,0.41,0.0,0.0,10.0,43587,0.7578149218750001,False,REGULAR,USD,2026-12-18
RIVN261218P00007500,2025-09-11 13:34:01+00:00,7.5,0.76,0.83,1.71,0.0,0.0,5.0,28379,0.7915059912109376,False,REGULAR,USD,2026-12-18
RIVN261218P00010000,2025-09-12 13:42:47+00:00,10.0,1.74,1.44,2.01,0.0,0.0,5.0,19013,0.6274451318359376,False,REGULAR,USD,2026-12-18
RIVN261218P00012500,2025-09-12 17:05:49+00:00,12.5,2.96,2.74,2.82,0.0,0.0,130.0,8184,0.5783733569335938,False,REGULAR,USD,2026-12-18
RIVN261218P00015000,2025-09-11 17:58:54+00:00,15.0,3.85,4.15,4.25,0.0,0.0,36.0,6951,0.55273884765625,True,REGULAR,USD,2026-12-18
RIVN261218P00017500,2025-09-12 14:35:25+00:00,17.5,5.93,5.85,5.95,0.0,0.0,7.0,3294,0.5356491748046875,True,REGULAR,USD,2026-12-18
RIVN261218P00020000,2025-09-03 16:16:31+00:00,20.0,6.95,7.7,7.85,0.0,0.0,8.0,9051,0.5161181201171875,True,REGULAR,USD,2026-12-18
RIVN261218P00022500,2025-08-18 14:37:15+00:00,22.5,10.72,9.8,10.9,0.0,0.0,1.0,151,0.5976602734375001,True,REGULAR,USD,2026-12-18
RIVN261218P00025000,2025-09-10 15:47:26+00:00,25.0,11.75,11.95,12.3,0.0,0.0,120.0,180,0.5127001855468749,True,REGULAR,USD,2026-12-18
RIVN261218P00027000,2025-09-03 17:09:36+00:00,27.0,12.7,13.75,14.2,0.0,0.0,40.0,41,0.5151415673828125,True,REGULAR,USD,2026-12-18
RIVN261218P00030000,2025-06-11 17:01:01+00:00,30.0,16.35,17.05,17.4,0.0,0.0,23.0,34,0.622074091796875,True,REGULAR,USD,2026-12-18
RIVN261218P00032000,2025-07-07 15:16:10+00:00,32.0,19.45,18.35,19.7,0.0,0.0,1.0,1,0.6044961425781252,True,REGULAR,USD,2026-12-18
RIVN261218P00035000,2025-08-04 16:41:33+00:00,35.0,22.45,0.0,0.0,0.0,0.0,4.0,2,1.0000000000000003e-05,True,REGULAR,USD,2026-12-18
RIVN270115P00001000,2025-09-12 15:47:09+00:00,1.0,0.05,0.0,0.06,0.0,0.0,40.0,4954,1.109379453125,False,REGULAR,USD,2027-01-15
RIVN270115P00002000,2025-08-15 13:51:15+00:00,2.0,0.11,0.02,1.37,0.0,0.0,6.0,88,1.734376328125,False,REGULAR,USD,2027-01-15
RIVN270115P00003000,2025-09-04 19:48:07+00:00,3.0,0.2,0.15,0.28,0.0,0.0,1.0,6665,0.92187578125,False,REGULAR,USD,2027-01-15
RIVN270115P00004000,2025-09-15 13:49:38+00:00,4.0,0.32,0.27,0.38,0.00999999,3.2258034,1.0,2613,0.8398453515625,False,REGULAR,USD,2027-01-15
RIVN270115P00005000,2025-09-15 17:17:02+00:00,5.0,0.44,0.4,0.5,-0.00999999,-2.2222202,10.0,28371,0.77148666015625,False,REGULAR,USD,2027-01-15
RIVN270115P00008000,2025-09-12 15:40:39+00:00,8.0,1.08,0.87,1.29,0.0,0.0,2.0,68537,0.6562534375000001,False,REGULAR,USD,2027-01-15
RIVN270115P00010000,2025-09-15 17:17:02+00:00,10.0,1.67,1.69,1.82,-0.07000005,-4.0229917,10.0,18294,0.6157264990234376,False,REGULAR,USD,2027-01-15
RIVN270115P00012000,2025-09-12 16:46:03+00:00,12.0,2.65,2.56,2.64,-0.029999971,-1.1194019,4.0,23730,0.5800823242187501,False,REGULAR,USD,2027-01-15
RIVN270115P00015000,2025-09-15 18:02:29+00:00,15.0,4.19,4.2,4.3,-0.15999985,-3.6781576,4.0,18296,0.5446822875976562,True,REGULAR,USD,2027-01-15
RIVN270115P00017000,2025-09-15 14:46:52+00:00,17.0,5.55,5.55,5.65,-0.19999981,-3.4782577,1.0,558,0.532231240234375,True,REGULAR,USD,2027-01-15
RIVN270115P00020000,2025-09-11 15:55:55+00:00,20.0,7.22,7.75,7.9,0.0,0.0,1.0,1314,0.5095263891601562,True,REGULAR,USD,2027-01-15
RIVN270115P00022000,2025-08-26 19:24:10+00:00,22.0,9.56,9.4,9.55,0.0,0.0,15.0,696,0.5014698291015626,True,REGULAR,USD,2027-01-15
RIVN270115P00025000,2025-09-08 15:47:01+00:00,25.0,11.6,11.95,12.85,0.0,0.0,1.0,89,0.5532271240234375,True,REGULAR,USD,2027-01-15
RIVN270115P00027000,2025-07-11 15:34:53+00:00,27.0,14.15,13.4,14.25,0.0,0.0,2.0,33,0.56055126953125,True,REGULAR,USD,2027-01-15
RIVN270115P00030000,2025-08-18 14:31:04+00:00,30.0,17.8,16.65,16.85,0.0,0.0,4.0,68,0.5151415673828125,True,REGULAR,USD,2027-01-15
RIVN270115P00032000,2025-09-12 14:50:58+00:00,32.0,18.7,18.55,18.8,0.0,0.0,1.0,30,0.5283250292968751,True,REGULAR,USD,2027-01-15
RIVN271217P00001000,2025-09-15 15:55:04+00:00,1.0,0.11,0.04,0.11,0.0,0.0,20.0,2120,1.000005,False,REGULAR,USD,2027-12-17
RIVN271217P00002000,2025-09-12 19:11:40+00:00,2.0,0.26,0.2,0.26,0.0,0.0,5.0,486,0.92187578125,False,REGULAR,USD,2027-12-17
RIVN271217P00003000,2025-09-15 15:49:51+00:00,3.0,0.4,0.34,0.45,0.0,0.0,3.0,3390,0.8398453515625,False,REGULAR,USD,2027-12-17
RIVN271217P00004000,2025-09-12 15:04:09+00:00,4.0,0.62,0.55,0.71,0.0,0.0,2.0,17232,0.79883013671875,False,REGULAR,USD,2027-12-17
RIVN271217P00005000,2025-09-12 17:54:37+00:00,5.0,0.83,0.8,0.89,0.0,0.0,6.0,89452,0.74414318359375,False,REGULAR,USD,2027-12-17
RIVN271217P00008000,2025-09-12 19:19:58+00:00,8.0,1.77,1.72,2.38,0.0,0.0,4324.0,47492,0.7104521142578125,False,REGULAR,USD,2027-12-17
RIVN271217P00010000,2025-09-15 15:16:58+00:00,10.0,2.54,2.52,2.6,-0.049999952,-1.9305001,10.0,5599,0.6084023535156251,False,REGULAR,USD,2027-12-17
RIVN271217P00012000,2025-09-11 19:23:23+00:00,12.0,3.38,3.45,3.6,0.0,0.0,4.0,1885,0.57812921875,False,REGULAR,USD,2027-12-17
RIVN271217P00015000,2025-09-12 14:20:40+00:00,15.0,5.22,5.15,5.3,0.0,0.0,2.0,1520,0.5417526293945314,True,REGULAR,USD,2027-12-17
RIVN271217P00017000,2025-09-10 15:14:54+00:00,17.0,6.3,6.45,6.6,0.0,0.0,10.0,303,0.5229539892578124,True,REGULAR,USD,2027-12-17
RIVN271217P00020000,2025-09-12 14:41:59+00:00,20.0,8.75,8.6,8.75,0.0,0.0,25.0,12127,0.5085498364257812,True,REGULAR,USD,2027-12-17
RIVN271217P00022000,2025-08-01 16:03:23+00:00,22.0,10.84,9.95,10.95,0.0,0.0,3.0,8,0.5141650146484374,True,REGULAR,USD,2027-12-17
RIVN271217P00025000,2025-08-28 14:42:53+00:00,25.0,12.75,12.6,12.8,0.0,0.0,2.0,15,0.48291532714843755,True,REGULAR,USD,2027-12-17
RIVN271217P00030000,2025-09-15 14:01:56+00:00,30.0,16.94,16.25,17.25,0.59000015,3.6085634,1.0,161,0.4694877270507813,True,REGULAR,USD,2027-12-17
